ACN;AMT;AMZN;APD;AVB;AZO;BALL;BLK;CBRE;CDW;CF;CHRW;CNC;CSX;DGX;EA;FDS;FDX;GE;GL;GM;HAS;HBAN;HPQ;IDXX;ILMN;IVZ;KEYS;MCHP;MCO;NEM;NVR;NWSA;PEAK;PGR;PHM;PLD;REG;RHI;ROL;SEE;SJM;SNA;STX;TRV;UAL;USB;VLO;VRSK;YUM
93.413;84.149;33.794;101.727;146.891;741.91;34.308;285.599;34.58;38.971;33.048;52.492;32.905;7.812;61.82;68.005;151.29;136.809;213.606;53.918;28.0;55.923;8.459;9.508;72.92;191.95;24.767;28.33;20.714;93.416;15.471;1643.0;12.133;24.988;25.664;16.135;35.318;52.981;41.199;10.568;40.254;102.155;147.19;25.522;95.916;57.3;34.449;52.336;75.009;46.365
94.343;82.314;29.35;99.675;137.743;767.39;31.525;265.164;27.97;35.644;24.294;55.212;31.03;6.93;57.066;63.878;140.244;122.224;201.041;51.258;24.659;61.668;6.603;7.877;70.14;157.95;22.141;23.4;19.944;82.989;17.187;1651.0;11.779;23.485;25.22;15.251;32.791;56.302;38.254;11.241;36.685;106.28;138.716;20.224;91.461;48.28;32.534;50.234;71.224;45.934
89.623;80.447;27.626;104.206;137.864;774.57;31.242;263.223;25.41;36.691;29.526;59.525;28.48;7.267;58.138;63.571;140.048;125.903;201.317;48.429;24.493;63.391;6.734;8.672;73.16;150.24;19.781;26.09;19.801;82.673;22.242;1637.0;9.827;19.329;25.761;15.642;31.952;54.894;34.426;11.233;41.392;105.659;124.214;21.832;91.871;57.26;31.284;44.468;71.068;46.303
103.157;89.32;29.682;113.315;152.771;796.69;33.694;287.364;28.82;38.578;25.65;63.276;30.785;7.809;62.437;65.422;141.432;149.671;221.383;51.209;26.149;66.925;7.342;9.994;78.32;162.11;22.997;27.74;21.635;90.296;22.887;1732.4;11.598;21.629;29.189;17.025;36.704;58.63;40.939;11.108;43.456;108.107;135.352;24.462;99.723;59.86;32.965;47.938;77.975;52.297
100.94;91.51;32.979;115.447;143.033;765.23;33.737;302.784;29.63;35.789;27.066;60.867;30.98;8.27;65.688;61.206;140.704;152.137;214.141;54.876;26.788;70.719;7.798;10.066;84.35;134.99;23.176;26.08;21.81;89.511;30.14;1661.29;11.383;22.458;27.079;16.818;38.104;57.729;33.671;11.006;42.988;105.726;137.327;15.458;94.426;45.81;34.889;44.0;75.692;50.833
107.381;92.746;36.139;112.875;145.533;762.2;34.171;309.174;29.85;39.563;22.638;64.306;31.175;8.015;67.809;75.951;148.469;152.008;210.52;58.421;26.35;73.362;8.101;10.976;87.57;144.83;23.468;30.63;23.197;92.241;27.934;1733.0;10.962;21.821;27.661;17.157;39.883;60.0;36.554;11.641;42.153;107.533;139.517;16.019;98.069;45.09;34.995;40.883;77.458;52.746
102.254;99.611;35.781;112.4;145.946;793.84;34.229;291.057;26.48;37.352;19.92;63.68;35.685;7.965;71.535;74.971;151.141;139.854;219.224;58.601;23.84;70.589;6.93;10.295;92.86;140.38;19.268;29.09;22.955;87.978;33.717;1780.34;10.403;23.875;27.827;17.824;41.15;66.01;33.726;12.033;41.726;127.551;136.576;17.86;102.279;41.04;32.96;38.529;79.107;53.279
101.821;102.008;37.94;118.989;151.369;813.97;33.462;313.18;28.45;40.008;20.4;60.053;35.275;8.652;75.885;75.526;161.01;149.552;218.5;58.789;26.907;68.269;7.419;11.6;93.79;166.35;22.014;29.24;25.161;99.526;37.95;1705.0;11.887;26.474;27.005;19.464;46.116;66.956;32.294;11.585;42.972;129.015;136.013;23.483;100.444;46.89;34.692;39.496;83.205;57.455
103.798;99.902;38.458;123.926;142.694;741.8;37.496;318.789;29.89;41.611;21.491;59.881;34.145;8.637;73.133;80.384;166.693;152.351;219.201;61.459;27.232;69.133;7.817;11.898;112.68;168.34;23.531;30.43;27.997;102.042;32.982;1686.8;12.886;26.541;27.046;19.638;44.948;63.495;33.876;11.717;42.927;118.663;132.656;24.737;102.596;50.41;36.321;41.816;81.029;58.597
110.269;99.858;41.866;119.721;145.001;768.34;38.867;311.838;27.98;42.72;20.411;61.156;33.48;9.374;74.732;84.511;152.206;161.357;207.834;60.708;27.104;67.095;7.7;12.858;112.73;181.66;23.814;31.69;28.268;102.02;33.888;1639.87;12.813;25.992;26.166;18.416;45.312;61.472;33.653;12.081;41.876;113.988;132.035;28.263;99.0;52.47;35.285;40.489;79.302;58.661
104.917;103.766;39.491;114.853;140.616;742.16;36.552;293.582;25.76;41.954;20.126;59.125;31.24;9.377;72.261;77.703;145.276;161.416;205.779;60.252;27.281;70.546;8.337;12.104;107.14;136.14;21.392;32.8;27.544;94.708;31.967;1523.0;11.192;23.458;26.174;17.17;44.507;57.172;33.262;12.716;41.702;110.431;133.894;25.597;94.023;56.23;37.065;45.256;79.566;55.735
108.917;90.555;37.528;125.143;135.12;783.18;35.599;319.005;29.04;47.868;24.258;64.967;28.815;11.006;77.602;78.415;150.394;177.481;217.518;66.746;29.811;72.668;9.8;12.864;117.65;133.14;23.844;36.83;30.106;94.689;27.997;1595.0;10.675;22.207;27.661;17.41;43.432;53.023;39.884;13.257;41.675;105.923;145.276;29.917;98.517;68.95;41.09;47.028;81.059;57.287
106.82;93.574;37.493;124.588;145.52;789.79;35.664;327.393;31.49;48.812;26.69;63.587;28.255;11.1;81.542;77.94;153.933;172.416;223.458;70.241;30.079;66.2;10.398;12.396;117.27;128.04;23.323;36.57;29.344;89.154;29.404;1669.0;10.583;22.627;29.488;16.967;45.044;55.099;43.575;14.029;41.579;108.315;149.442;28.477;106.4;72.88;42.539;52.681;79.195;57.233
103.847;92.145;41.174;121.793;143.467;724.98;36.229;323.701;30.36;48.269;29.92;66.407;31.635;14.332;81.559;82.562;162.994;175.468;211.603;70.031;31.949;70.217;10.706;12.678;122.33;160.1;22.231;37.07;30.807;98.044;31.358;1858.0;11.349;23.084;31.1;19.952;42.024;55.722;42.038;14.644;44.477;114.904;158.395;34.236;102.957;70.47;43.833;50.707;80.629;59.221
111.717;102.197;42.252;122.412;152.134;736.55;34.932;335.369;35.62;55.194;26.639;70.17;35.25;15.002;86.879;85.6;167.562;179.059;212.386;73.971;32.15;82.949;11.189;14.633;144.94;167.4;24.745;37.6;33.172;105.326;29.594;1934.97;11.838;24.964;32.545;20.453;43.916;56.217;43.092;15.184;42.624;119.878;148.046;36.542;106.856;74.09;45.79;52.396;80.902;59.305
109.328;108.206;44.327;117.898;151.985;723.05;35.342;331.95;34.79;54.224;25.091;67.481;35.63;14.435;87.548;88.588;155.756;181.072;214.008;73.504;30.859;85.476;10.595;15.062;154.61;170.64;23.753;36.14;33.919;106.329;28.488;2106.88;12.005;24.105;33.148;21.844;44.63;53.44;43.836;15.47;39.965;111.468;147.782;34.828;105.37;70.64;42.876;51.652;79.166;58.016
110.623;112.124;46.25;123.294;158.366;692.19;36.593;334.973;35.81;55.521;22.86;63.831;37.2;15.766;94.074;93.833;154.197;176.381;208.191;73.333;30.54;84.868;10.235;15.977;167.73;184.86;25.544;37.43;34.746;112.289;29.267;2111.25;11.842;24.159;33.605;21.111;47.227;50.856;41.34;16.178;40.508;107.761;146.783;32.382;106.936;70.21;42.921;50.343;80.795;59.696
114.691;117.394;49.731;126.418;159.534;605.92;38.93;356.461;34.88;56.545;22.996;58.835;36.315;16.798;97.427;112.15;156.492;180.23;196.629;72.176;29.914;90.645;9.98;15.926;168.39;177.36;24.582;38.64;38.295;112.413;29.561;2282.38;12.456;24.151;35.898;21.111;48.208;48.988;41.735;17.945;40.876;108.721;141.64;33.488;109.74;79.67;42.594;47.896;78.922;66.261
113.964;118.405;48.4;125.541;160.309;570.46;40.276;367.932;36.4;58.917;24.165;60.707;39.94;16.982;99.568;104.62;157.498;202.071;193.972;73.132;30.795;96.027;10.76;14.839;161.42;173.52;27.534;38.93;35.644;115.868;28.038;2410.61;12.754;24.931;37.302;22.844;50.899;50.869;43.251;17.01;41.337;101.231;139.012;29.784;111.216;75.25;43.456;53.123;82.317;67.283
118.7;122.594;49.389;125.566;161.65;539.82;39.98;373.805;37.99;59.765;25.366;57.994;39.71;15.358;97.015;115.525;158.484;193.884;185.47;75.642;32.075;91.179;10.609;16.336;166.46;173.85;27.205;41.59;36.965;125.343;32.223;2610.44;13.322;24.689;39.874;22.829;53.192;53.776;40.833;18.138;40.182;104.285;135.668;25.719;113.245;67.68;44.418;54.312;85.137;68.852
120.487;133.133;49.03;128.41;157.768;528.44;38.158;367.214;36.08;59.756;25.055;62.431;44.425;15.625;97.447;120.235;148.968;199.802;177.793;73.726;32.574;85.063;10.08;16.319;155.43;204.46;25.648;40.86;40.087;127.628;33.238;2720.85;12.447;23.254;39.324;24.138;55.423;52.233;40.878;18.556;40.986;89.622;129.835;24.603;107.136;61.96;43.131;53.627;79.078;70.359
124.459;122.909;48.068;133.578;149.943;595.11;39.509;394.191;37.88;62.351;30.687;67.691;48.385;16.957;84.217;116.831;171.31;210.24;175.113;76.715;35.997;84.561;11.177;17.072;155.49;199.2;27.652;41.66;41.643;132.949;32.518;2855.0;12.344;21.98;40.966;25.549;55.51;50.795;45.675;19.33;39.597;90.346;131.719;25.883;108.32;60.88;45.1;61.206;81.166;67.419
131.176;129.831;55.264;140.83;153.613;589.5;41.068;415.122;39.32;66.13;33.148;69.853;46.835;15.76;84.343;118.355;180.594;210.948;147.459;80.585;38.706;80.163;11.118;18.56;166.17;205.19;28.244;44.67;43.971;136.005;31.409;3281.37;12.813;20.409;41.16;28.358;56.873;50.394;46.972;18.395;40.996;91.31;139.472;29.401;117.82;58.48;46.02;62.765;82.981;68.189
137.703;130.066;58.838;144.917;153.613;686.76;38.179;441.89;43.36;66.139;32.703;77.076;51.045;17.423;88.98;105.243;190.115;216.226;133.781;85.265;38.805;81.019;11.602;18.473;156.41;230.03;28.544;43.5;40.349;144.991;32.13;3475.0;15.158;20.883;44.993;32.016;58.326;55.519;51.754;19.417;44.537;100.454;149.77;30.665;120.595;63.32;46.671;68.119;94.074;76.45
142.429;128.927;58.473;145.841;151.14;711.37;36.3;452.928;43.31;65.856;37.429;79.246;50.44;17.258;89.007;103.966;183.86;233.116;127.637;87.05;36.914;79.164;11.731;18.095;156.38;218.49;29.076;41.6;40.924;141.337;32.59;3508.22;15.205;20.885;47.649;31.19;56.811;57.091;50.613;19.586;45.851;107.785;154.885;33.273;120.658;67.4;45.343;73.747;93.664;75.029
149.509;134.139;72.545;150.523;145.511;765.44;36.713;497.812;45.69;70.879;37.341;81.793;53.62;17.81;95.631;125.638;191.424;245.718;119.091;87.184;38.54;82.369;13.136;20.216;187.04;232.64;28.75;46.72;44.342;154.914;35.261;3178.17;16.049;19.283;45.771;29.937;57.725;51.917;52.746;20.769;44.037;110.084;152.228;44.551;134.08;67.82;48.625;77.004;97.616;77.769
149.798;126.537;75.622;143.746;133.231;664.72;38.314;486.851;46.75;69.116;36.285;83.492;50.71;16.853;93.549;122.412;193.799;230.674;103.919;82.062;35.759;83.746;12.746;20.277;187.23;228.02;25.893;47.01;41.413;159.788;33.251;2843.17;15.13;17.329;48.715;26.401;53.798;47.955;52.007;21.16;39.406;109.572;141.485;43.098;124.314;67.79;46.259;72.551;99.704;74.817
142.811;131.996;72.367;142.173;140.439;648.69;38.179;480.019;47.22;66.83;33.45;83.805;53.435;17.548;91.053;119.978;190.73;224.777;100.101;80.908;33.024;73.871;12.259;19.002;191.39;236.42;25.701;52.39;42.731;154.853;34.008;2800.0;14.82;18.909;52.644;27.737;55.846;49.145;53.013;21.543;39.796;108.291;131.106;47.23;124.188;69.47;42.975;75.118;101.47;78.628
140.671;123.84;78.307;146.103;140.477;624.52;38.545;464.555;45.31;67.761;34.398;82.71;54.29;18.707;91.87;116.752;180.869;231.896;104.482;83.378;33.727;77.192;12.189;18.739;194.49;240.93;23.26;51.68;39.129;155.717;34.323;3100.0;15.08;19.015;52.091;28.642;57.987;49.037;55.632;20.484;40.937;99.619;129.739;47.214;118.309;67.54;43.192;89.822;103.86;80.447
146.173;126.327;81.481;145.311;142.666;649.32;35.526;475.895;46.19;76.088;36.473;78.189;58.58;20.364;97.205;129.547;192.25;233.697;104.557;81.698;39.198;76.57;12.156;19.21;208.21;272.44;21.935;58.74;45.546;163.752;34.009;2990.54;14.184;19.512;53.647;28.538;57.487;48.395;58.315;21.012;40.666;93.873;132.035;45.958;115.54;69.59;42.798;98.138;103.655;75.118
153.541;131.622;84.99;140.198;148.139;670.93;34.271;444.548;47.74;76.993;39.664;75.576;61.605;20.159;100.317;139.552;190.074;213.003;101.066;78.404;36.169;81.477;12.066;19.785;217.94;279.29;21.556;59.03;42.705;164.164;32.943;2970.35;14.627;21.354;51.106;27.123;58.684;52.23;59.877;22.26;39.772;94.504;144.337;46.056;109.984;69.73;42.824;90.365;105.021;72.558
149.543;136.095;88.872;148.845;153.746;705.53;37.568;450.289;49.8;80.137;39.682;83.318;65.165;22.339;98.291;127.41;193.202;231.258;102.113;84.818;35.105;87.92;12.712;20.242;244.93;324.36;21.905;58.0;43.87;164.703;32.16;2759.43;14.221;21.42;51.849;26.957;59.054;53.534;69.682;23.259;41.289;97.704;152.303;43.38;117.7;80.4;45.658;96.496;107.929;73.55
158.685;136.902;100.635;150.767;159.345;766.88;40.373;429.062;48.81;83.444;46.409;86.796;73.24;23.439;100.808;112.229;220.096;229.452;96.944;84.839;33.382;88.216;13.346;21.619;254.04;354.83;19.559;64.89;40.395;171.344;27.206;2668.45;12.334;22.354;58.347;26.446;60.458;55.554;71.908;25.436;37.579;90.899;158.76;44.138;119.02;87.42;46.606;96.113;116.192;80.6
159.745;133.395;100.15;151.456;157.484;775.7;42.509;422.139;44.1;84.948;48.936;88.459;72.39;23.474;98.911;119.236;215.253;226.48;84.582;83.652;31.178;93.377;12.284;22.602;249.66;367.06;18.795;66.28;37.215;161.344;26.478;2470.8;12.447;22.081;61.379;23.437;61.007;54.894;64.969;25.758;37.617;90.908;165.673;39.035;117.311;89.06;45.486;93.393;117.617;84.691
147.938;143.834;79.9;140.861;153.736;733.47;43.291;370.909;40.29;85.989;43.174;80.813;65.16;21.828;86.262;90.033;215.301;207.794;76.388;81.694;34.251;81.465;11.904;21.292;212.12;311.15;17.834;57.08;31.023;140.384;27.238;2239.03;12.547;23.113;60.222;23.325;58.434;53.782;55.876;25.125;30.439;95.967;138.909;33.607;113.83;85.51;45.334;74.789;116.924;84.226
155.825;151.846;84.508;146.811;167.052;809.07;47.456;385.865;43.68;88.54;37.925;83.808;71.125;23.024;81.568;83.195;225.625;215.96;56.724;83.536;35.524;81.393;12.12;20.287;203.76;337.5;16.717;61.82;35.371;153.498;28.489;2450.0;12.347;24.547;57.275;25.177;61.035;54.037;57.076;26.976;34.361;92.591;150.008;35.996;118.597;96.7;47.233;65.601;120.32;85.912
133.558;146.031;75.099;146.063;152.571;838.34;44.521;354.14;40.04;77.694;39.35;76.329;57.65;19.755;76.687;78.089;193.09;152.144;57.253;72.051;31.312;72.672;9.902;18.046;186.02;299.93;13.943;62.08;34.087;135.537;30.524;2436.99;10.796;23.744;52.126;24.674;53.222;50.238;53.054;23.052;32.771;83.451;131.862;32.237;108.936;83.73;39.636;62.146;106.387;85.988
145.435;160.432;85.937;151.058;170.558;847.34;50.622;377.096;45.75;79.822;39.476;79.228;65.285;20.89;80.444;91.28;210.939;167.967;76.948;80.974;36.91;80.999;11.127;19.57;212.78;279.79;15.176;74.02;38.092;153.413;30.174;2660.0;12.204;26.813;58.139;26.515;63.153;55.649;59.76;23.78;37.326;93.617;150.649;37.624;114.909;87.27;44.734;72.798;114.553;87.915
152.851;163.505;81.992;166.486;172.069;938.97;53.042;402.661;49.76;90.002;38.165;82.524;60.89;23.106;80.207;94.783;226.897;171.211;81.837;79.981;37.345;76.466;12.11;17.527;211.03;312.77;16.117;84.41;41.173;167.554;30.182;2620.0;12.385;26.158;62.987;25.743;63.974;55.863;63.248;25.326;41.22;94.537;145.213;39.561;121.654;87.81;45.197;67.608;123.354;88.401
166.718;182.913;89.037;175.473;177.462;1024.12;56.126;388.261;49.45;92.667;37.233;79.872;53.1;23.868;83.33;100.572;240.2;171.599;78.687;79.39;35.094;76.574;10.656;17.26;223.6;310.69;16.348;87.2;39.478;175.783;31.642;2767.0;11.833;26.931;64.704;26.658;65.7;58.295;60.717;26.652;43.525;104.849;142.898;40.691;125.544;79.78;42.137;71.087;129.764;93.788
173.016;181.28;96.326;190.261;178.994;1028.31;58.143;444.188;52.07;101.543;40.785;74.373;51.56;25.403;89.317;93.665;266.903;179.89;80.189;84.922;37.209;91.741;11.816;17.872;232.0;312.0;18.6;87.03;47.535;190.857;27.588;3152.48;11.905;25.623;70.143;30.116;70.527;58.018;57.856;24.762;44.212;110.366;153.635;41.6;132.351;88.86;46.984;75.972;137.974;98.091
170.056;194.673;88.754;188.227;180.847;1027.11;59.55;380.403;45.7;94.658;36.65;73.115;57.75;23.757;89.402;92.111;269.157;146.487;74.433;83.009;31.85;86.265;10.738;16.735;249.77;306.91;16.543;75.13;38.084;177.52;30.123;3201.57;10.918;27.284;71.255;29.675;67.767;56.973;50.001;24.058;39.736;109.403;142.351;36.03;134.027;77.65;44.234;58.995;136.859;96.174
176.455;190.645;94.682;209.288;180.998;1099.47;68.059;429.596;51.3;107.033;42.858;77.448;52.44;24.762;94.902;100.206;277.965;155.896;82.791;86.843;36.808;95.822;11.731;18.625;275.33;368.15;17.578;89.81;41.44;190.088;35.021;3370.25;12.931;27.853;71.839;30.269;73.682;58.167;53.415;23.035;40.57;104.366;152.11;40.567;137.664;87.55;46.173;72.542;143.174;104.428
183.913;198.183;93.339;212.146;187.411;1123.04;69.508;431.389;53.01;113.937;45.473;77.357;52.09;22.531;95.153;91.537;268.983;162.543;82.476;88.649;38.95;109.858;12.223;19.002;282.05;299.38;16.487;89.52;45.13;208.609;33.382;3344.14;12.615;27.81;72.783;30.267;74.653;58.133;56.601;21.533;39.776;100.741;140.145;40.444;135.741;91.91;50.72;72.237;148.571;106.174
189.252;215.573;88.814;209.962;190.795;1101.69;78.192;389.771;52.27;111.372;44.216;78.059;46.62;21.45;95.912;92.705;263.929;151.182;65.113;86.815;35.812;100.716;11.366;16.518;289.74;281.34;13.489;96.86;41.264;209.816;36.462;3599.0;13.18;30.231;68.21;32.467;77.441;56.224;50.098;21.07;37.901;95.278;136.536;43.85;136.056;84.31;46.761;63.789;158.187;110.193
183.694;207.089;86.796;206.188;193.281;1084.62;70.934;411.06;53.01;119.137;45.422;78.327;43.26;22.252;100.279;96.802;236.299;138.752;70.559;93.137;36.189;108.21;12.24;17.087;271.93;304.22;14.838;97.25;44.59;199.82;34.662;3717.35;13.343;31.387;69.515;35.108;78.922;61.109;52.445;21.95;39.51;100.461;144.686;46.977;137.657;88.41;49.113;73.03;154.858;107.42
177.075;205.11;88.833;199.241;196.76;1144.38;68.167;429.28;53.55;123.651;41.868;70.307;53.08;22.573;94.863;95.397;246.559;146.088;78.852;94.664;36.24;88.718;12.245;15.82;285.01;295.52;14.733;100.91;45.252;215.292;36.45;3636.59;13.234;33.14;62.721;37.81;81.781;59.13;53.962;24.553;39.918;96.498;150.352;51.293;121.99;90.84;50.99;83.088;141.925;96.321
192.932;201.301;90.04;220.795;193.822;1177.92;64.358;460.158;57.02;130.554;42.662;71.432;60.47;22.981;100.334;99.959;252.521;153.16;89.044;100.132;35.108;93.359;12.904;18.289;251.58;320.76;15.382;107.03;45.372;221.125;35.23;3791.89;12.433;30.726;65.822;38.205;85.313;57.196;54.838;23.097;36.057;95.96;148.309;52.751;127.258;92.8;53.681;81.811;144.652;95.336
201.958;216.152;92.392;219.543;189.564;1191.31;63.146;467.401;61.29;138.467;44.358;72.687;62.87;23.322;100.56;106.391;261.652;144.7;88.175;102.559;35.694;96.949;13.068;18.717;261.13;331.74;16.023;102.63;50.458;232.121;39.863;3808.41;13.649;30.667;65.228;37.386;83.067;55.98;59.822;21.45;38.064;95.881;157.623;52.592;127.472;88.09;53.02;80.956;146.476;95.803
196.817;218.931;100.436;224.123;197.319;1057.96;70.479;493.668;61.05;126.456;37.427;67.57;62.81;24.605;104.213;106.797;279.021;139.0;98.457;101.594;32.912;93.515;11.876;19.587;271.01;290.07;15.417;92.99;46.969;251.069;41.487;3816.97;13.147;32.019;72.707;43.153;87.081;55.049;55.104;24.549;34.071;95.402;148.532;50.922;123.256;74.8;47.929;72.882;159.627;100.597
173.873;214.264;94.188;206.19;182.658;1032.51;68.8;433.437;56.14;110.723;34.249;64.464;53.02;22.706;100.37;100.315;259.4;135.665;86.041;90.439;30.064;71.38;10.738;19.1;254.51;265.67;12.832;94.76;43.707;234.683;41.091;3667.18;11.661;28.149;68.034;38.852;79.018;50.967;47.753;24.219;29.09;94.831;134.687;42.844;112.196;61.59;41.823;57.27;152.395;84.885
157.188;205.715;97.486;187.412;134.014;846.0;63.268;411.869;37.71;90.672;25.457;61.938;59.41;18.532;75.992;99.127;254.854;116.532;62.791;70.245;20.483;66.113;7.185;15.949;242.24;273.12;8.227;83.68;32.778;207.215;41.69;2569.11;8.668;21.431;68.667;21.571;75.352;34.419;35.967;23.449;23.716;103.035;101.943;43.604;93.037;31.55;31.025;39.672;136.941;65.47
178.302;224.845;123.7;213.179;149.87;1020.32;64.178;473.54;42.93;107.713;25.738;66.817;66.58;21.42;104.203;113.071;268.854;122.439;53.829;80.367;22.239;66.723;8.233;14.382;277.6;319.03;7.81;96.77;42.413;238.959;54.919;3100.0;9.661;23.489;71.884;27.415;84.356;39.327;45.037;25.954;27.581;106.664;122.056;45.354;95.405;29.58;33.261;55.407;150.423;82.571
194.997;244.919;122.118;228.365;143.487;1147.86;69.726;498.63;43.98;107.82;27.488;76.457;66.25;23.15;112.796;121.601;300.638;126.1;52.008;75.389;25.821;68.564;7.921;14.039;308.88;363.05;7.221;108.13;46.421;261.993;53.986;3221.61;11.943;22.141;72.333;32.943;86.502;38.324;48.344;27.122;30.967;105.754;121.494;48.16;100.844;28.04;32.405;58.284;169.96;85.724
207.667;245.27;137.941;228.186;142.227;1128.12;68.139;513.203;45.22;113.338;26.662;74.507;63.55;22.635;108.676;130.675;321.953;135.43;54.067;72.658;25.242;69.907;8.055;16.163;330.16;370.35;9.95;100.78;51.125;269.746;57.005;3258.75;11.562;25.152;74.596;33.001;88.232;41.781;50.69;27.557;31.69;98.954;130.82;43.956;107.509;34.61;33.553;52.253;167.519;83.464
217.396;249.012;158.234;272.402;142.324;1207.42;72.198;545.986;43.81;113.406;29.684;88.863;65.25;23.155;121.178;140.146;339.43;163.428;48.122;77.914;24.833;67.864;8.384;16.461;397.75;382.16;9.284;99.89;49.387;276.197;64.168;3930.15;12.401;24.906;84.122;42.422;100.277;37.356;48.81;34.065;34.585;102.264;137.771;41.59;108.578;31.38;33.967;49.952;186.047;87.44
232.899;237.351;172.548;277.753;146.916;1196.31;78.807;564.198;47.03;110.87;30.916;93.206;61.32;24.816;106.586;138.018;343.448;213.349;50.263;80.942;29.563;74.318;8.51;18.306;391.06;357.22;9.432;98.52;53.257;289.294;62.387;4168.34;14.741;25.225;88.61;43.385;96.891;36.155;51.045;35.846;38.094;112.393;140.038;44.138;110.116;36.0;33.561;46.719;184.035;92.05
219.367;230.283;157.436;283.075;138.811;1177.64;81.656;535.105;46.97;117.006;29.349;96.894;58.33;25.295;109.7;129.053;328.952;244.093;49.391;78.41;29.523;77.876;8.293;17.782;393.11;309.08;10.696;98.78;50.058;285.151;58.836;4083.12;13.668;25.102;88.265;45.039;95.711;35.094;51.11;35.281;37.619;108.887;139.957;45.315;102.666;34.75;33.054;39.166;182.695;88.109
210.553;219.836;151.807;263.73;130.692;1128.98;87.433;572.382;50.4;120.011;26.386;84.278;59.1;25.709;117.03;118.583;301.074;252.529;58.922;79.578;34.451;77.876;9.586;16.973;424.82;292.7;12.29;104.87;51.188;258.638;58.492;3953.09;12.885;24.936;85.682;39.763;94.896;32.851;48.937;37.664;38.526;105.758;149.85;44.582;115.41;33.86;36.335;34.908;175.719;90.068
242.737;221.32;158.402;267.454;156.487;1137.65;94.319;667.083;61.14;127.734;35.647;89.558;61.65;29.327;119.381;126.42;327.852;278.914;80.839;91.578;43.74;88.299;11.092;20.724;460.98;322.09;15.215;120.04;65.466;277.763;54.751;3997.18;17.32;26.683;81.301;42.563;95.71;42.072;61.961;37.228;43.849;110.471;167.277;54.828;123.957;45.05;40.309;48.614;195.802;102.102
254.548;214.868;162.846;260.847;150.701;1185.44;91.682;689.235;62.72;129.401;37.366;89.463;60.03;29.639;114.749;142.105;327.396;252.675;85.763;93.408;41.545;88.783;11.597;23.238;499.87;370.0;16.512;132.09;67.478;286.119;55.746;4079.86;17.634;28.31;92.286;42.066;95.336;42.082;60.635;38.283;44.559;109.787;163.975;57.952;134.206;43.25;43.462;52.062;204.965;105.237
235.75;218.862;160.31;255.945;155.315;1118.37;86.605;673.265;60.98;129.274;39.943;81.994;60.3;28.009;124.359;141.898;297.699;229.557;84.888;88.912;50.565;89.048;12.295;23.192;478.68;426.44;19.506;141.59;66.5;262.479;55.849;4446.48;19.038;27.767;81.376;42.578;99.3;44.109;65.507;35.294;41.278;110.557;172.454;62.285;131.139;39.99;40.341;51.933;181.432;98.383
245.337;208.052;154.646;245.257;166.778;1159.92;84.017;666.775;75.77;154.046;43.708;87.064;58.54;29.9;111.805;132.752;299.245;248.247;99.672;92.051;51.213;88.944;14.256;27.603;520.17;439.41;21.24;141.52;74.572;270.987;50.958;4500.84;23.012;27.242;84.136;44.154;95.326;51.214;75.493;32.502;40.917;106.368;194.606;68.983;139.991;52.68;47.072;70.846;162.003;100.361
270.124;230.125;154.704;269.934;175.091;1404.3;83.523;723.861;79.11;163.161;44.111;91.453;63.91;31.585;124.138;134.139;304.633;277.061;104.361;95.234;57.329;91.898;14.609;30.252;489.31;384.06;24.057;143.4;76.027;295.033;56.477;4710.93;24.955;30.022;93.592;51.328;101.994;53.019;76.114;33.799;44.745;121.109;222.483;72.298;144.705;57.54;52.071;66.91;174.699;105.371
283.54;245.247;173.371;278.261;183.758;1464.12;92.295;791.251;85.2;175.544;47.27;93.547;61.74;33.004;127.562;140.963;331.908;283.914;104.359;101.009;57.09;95.081;14.371;32.711;548.99;392.84;25.755;144.35;73.612;322.796;59.054;5018.1;25.809;32.481;98.614;58.033;112.822;60.123;85.415;36.608;48.417;125.378;229.097;88.234;149.621;54.4;56.3;69.115;186.391;116.417
276.757;247.187;161.154;289.045;198.057;1406.6;80.98;847.015;87.78;162.836;51.683;93.489;73.6;32.797;127.968;141.806;330.072;307.874;111.836;104.11;59.175;92.388;14.878;28.031;558.11;405.64;27.215;142.38;76.874;331.333;69.529;4887.23;26.588;31.573;97.089;56.728;114.09;61.011;86.565;33.475;55.729;127.579;245.508;90.999;154.496;58.35;57.656;75.133;171.169;116.855
289.145;261.391;172.008;277.49;199.732;1492.22;80.002;845.016;85.73;172.332;50.293;90.261;72.93;31.615;128.26;142.699;332.128;291.757;107.063;94.067;59.035;90.992;13.386;28.952;631.55;473.21;25.651;154.41;73.549;358.716;59.972;4973.3;25.386;31.772;96.237;53.567;115.727;60.51;87.117;33.656;58.071;124.852;216.503;84.194;144.832;52.29;54.042;73.888;173.041;112.51
311.597;274.951;166.38;282.189;219.695;1623.57;79.863;841.398;96.46;180.917;46.187;86.386;68.61;31.851;137.814;142.998;353.573;274.46;103.085;91.953;56.711;95.729;13.346;27.863;678.53;495.75;23.396;164.55;70.297;372.208;59.887;5222.6;24.263;35.284;93.248;53.997;124.588;62.319;96.165;37.72;55.815;126.336;211.222;84.165;144.877;46.72;53.073;63.374;188.432;128.512
331.047;284.061;173.54;261.323;221.383;1549.15;94.754;915.256;96.3;197.948;44.399;87.248;62.98;32.058;149.227;144.24;376.275;260.48;104.886;95.074;48.898;95.286;14.721;28.703;673.76;457.16;24.298;179.38;77.292;376.93;55.283;5179.94;22.135;34.358;94.5;53.003;131.03;65.378;101.247;38.301;60.025;119.167;217.976;83.869;155.374;46.51;54.841;62.75;200.158;128.16
314.68;258.044;164.252;248.33;213.726;1697.99;89.025;813.736;97.36;179.97;54.901;84.284;62.31;29.39;141.885;141.468;391.536;214.99;102.518;88.107;52.59;86.475;14.654;26.406;621.9;405.61;23.291;164.29;75.621;352.113;51.765;4794.08;23.179;32.212;88.664;45.189;122.048;64.149;98.607;34.841;53.887;116.538;203.609;79.014;147.883;47.57;56.8;67.743;198.68;120.077
352.913;275.423;168.622;292.388;228.229;1784.84;90.519;919.415;104.08;184.548;55.864;94.503;71.24;35.745;143.32;139.479;440.243;231.564;104.43;88.097;54.306;92.814;15.069;29.464;666.14;415.06;24.547;180.02;73.005;400.739;51.97;4894.8;22.662;34.165;93.068;47.452;141.722;67.675;111.128;34.742;58.533;119.286;198.035;85.98;157.385;46.14;58.131;74.232;208.896;122.659
352.59;256.386;175.354;280.324;232.005;1817.07;92.469;881.555;95.57;187.227;59.592;92.651;71.41;34.252;145.806;123.537;464.72;226.491;94.591;85.834;57.738;94.595;14.207;34.272;608.07;365.33;21.572;194.48;82.208;387.343;52.855;5225.34;21.395;31.615;91.265;49.377;147.382;66.646;109.261;32.819;61.296;122.791;200.647;99.108;143.757;42.26;53.287;64.258;223.4;120.598
408.971;285.709;166.717;296.728;245.331;2096.39;95.46;892.226;108.51;202.991;69.943;104.87;82.4;37.255;169.666;131.174;482.88;254.285;94.073;92.955;58.496;99.348;14.762;36.594;658.46;380.44;22.384;206.51;86.026;387.904;59.688;5908.87;22.078;35.03;100.8;56.414;164.599;72.423;109.959;33.907;66.575;132.892;211.253;109.061;153.031;43.78;54.087;73.019;227.235;136.866
